{
    "capital": 500000,
    "days": 32,
    "total_return": -23.827747999999993,
    "annual_return": -87.01398302155592,
    "win_rate": 40.625,
    "max_falldown": 23.847632906095555,
    "max_profratio": 3.787535707212696,
    "std": 32.62692246555342,
    "down_std": 24.303123661284186,
    "sharpe_ratio": -2.7282371825149725,
    "sortino_ratio": -3.6626560545119813,
    "calmar_ratio": -3.6487471676618597,
    "name": "RBreaker_analyst"
}