{
    "capital": 5000,
    "days": 189,
    "total_return": -12.990800000000002,
    "annual_return": -16.19742453147126,
    "win_rate": 45.5026455026455,
    "max_falldown": 26.509994731240205,
    "max_profratio": 13.439654716136836,
    "std": 24.289640763858163,
    "down_std": 17.12855095903512,
    "sharpe_ratio": -0.6668449603244961,
    "sortino_ratio": -0.9456389259201928,
    "calmar_ratio": -0.6109931252601764,
    "name": "pydt_SZ399701"
}