{
    "capital": 100000,
    "days": 188,
    "total_return": 0.0042799999999898475,
    "annual_return": 0.00546386212811889,
    "win_rate": 39.361702127659576,
    "max_falldown": 0.008099897131317308,
    "max_profratio": 0.013650932358689588,
    "std": 0.009877401155886159,
    "down_std": 0.007015657574014479,
    "sharpe_ratio": -201.92924296522,
    "sortino_ratio": -284.2978176784893,
    "calmar_ratio": 0.6745594468099483,
    "name": "e459d7fcd2bbdc84f35d46460d95b590"
}