{
    "capital": 5000,
    "days": 189,
    "total_return": -5.198199999999997,
    "annual_return": -6.553994655584894,
    "win_rate": 48.148148148148145,
    "max_falldown": 10.16154103997066,
    "max_profratio": 3.595383037681904,
    "std": 6.717191682073056,
    "down_std": 4.793998455498221,
    "sharpe_ratio": -0.9757045750348757,
    "sortino_ratio": -1.3671248992723681,
    "calmar_ratio": -0.6449803853376769,
    "name": "pydt_SZ399662"
}