{
    "capital": 500000,
    "days": 244,
    "total_return": -8.765924000000002,
    "annual_return": -8.628608129150827,
    "win_rate": 44.26229508196721,
    "max_falldown": 94.9117486644641,
    "max_profratio": 2347.1031665313203,
    "std": 320.0662873404747,
    "down_std": 143.95405896783276,
    "sharpe_ratio": -0.03320752153395184,
    "sortino_ratio": -0.0738333340883833,
    "calmar_ratio": -0.09091190764649207,
    "name": "DualTrust_analyst"
}