{
    "capital": 5000,
    "days": 233,
    "total_return": -4.896000000000001,
    "annual_return": -5.039321015187149,
    "win_rate": 42.06008583690987,
    "max_falldown": 10.88043353814451,
    "max_profratio": 10.94034463779162,
    "std": 11.418379444488352,
    "down_std": 6.644781809034959,
    "sharpe_ratio": -0.44133417002704595,
    "sortino_ratio": -0.7583877334143833,
    "calmar_ratio": -0.463154431992103,
    "name": "pydt_SH510300"
}